file,line,type,commit,author,date,time,timezone,datetime,depth,length
style.css,1,css,738357a0,amz0004,2025-10-16,16:01:22,-07:00,2025-10-16T16:01:22-07:00,0,4
style.css,2,css,738357a0,amz0004,2025-10-16,16:01:22,-07:00,2025-10-16T16:01:22-07:00,1,23
style.css,3,css,738357a0,amz0004,2025-10-16,16:01:22,-07:00,2025-10-16T16:01:22-07:00,1,23
style.css,4,css,738357a0,amz0004,2025-10-16,16:01:22,-07:00,2025-10-16T16:01:22-07:00,1,16
style.css,5,css,738357a0,amz0004,2025-10-16,16:01:22,-07:00,2025-10-16T16:01:22-07:00,0,0
style.css,6,css,738357a0,amz0004,2025-10-16,16:01:22,-07:00,2025-10-16T16:01:22-07:00,0,0
style.css,7,css,4f160926,amz0004,2025-10-02,08:21:26,-07:00,2025-10-02T08:21:26-07:00,0,4
style.css,8,css,4f160926,amz0004,2025-10-02,08:21:26,-07:00,2025-10-02T08:21:26-07:00,1,23
style.css,9,css,9851b038,amz0004,2025-10-08,16:05:08,-07:00,2025-10-08T16:05:08-07:00,1,15
style.css,10,css,9851b038,amz0004,2025-10-08,16:05:08,-07:00,2025-10-08T16:05:08-07:00,1,42
style.css,11,css,9851b038,amz0004,2025-10-08,16:05:08,-07:00,2025-10-08T16:05:08-07:00,0,0
style.css,12,css,9851b038,amz0004,2025-10-08,16:05:08,-07:00,2025-10-08T16:05:08-07:00,0,0
style.css,13,css,9851b038,amz0004,2025-10-08,16:05:08,-07:00,2025-10-08T16:05:08-07:00,0,5
style.css,14,css,9851b038,amz0004,2025-10-08,16:05:08,-07:00,2025-10-08T16:05:08-07:00,1,45
style.css,15,css,9851b038,amz0004,2025-10-08,16:05:08,-07:00,2025-10-08T16:05:08-07:00,0,0
style.css,16,css,9851b038,amz0004,2025-10-08,16:05:08,-07:00,2025-10-08T16:05:08-07:00,0,0
style.css,17,css,9851b038,amz0004,2025-10-08,16:05:08,-07:00,2025-10-08T16:05:08-07:00,0,2
style.css,18,css,9851b038,amz0004,2025-10-08,16:05:08,-07:00,2025-10-08T16:05:08-07:00,2,12
style.css,19,css,738357a0,amz0004,2025-10-16,16:01:22,-07:00,2025-10-16T16:01:22-07:00,2,17
style.css,20,css,738357a0,amz0004,2025-10-16,16:01:22,-07:00,2025-10-16T16:01:22-07:00,2,39
style.css,21,css,738357a0,amz0004,2025-10-16,16:01:22,-07:00,2025-10-16T16:01:22-07:00,2,39
style.css,22,css,9851b038,amz0004,2025-10-08,16:05:08,-07:00,2025-10-08T16:05:08-07:00,0,0
style.css,23,css,9851b038,amz0004,2025-10-08,16:05:08,-07:00,2025-10-08T16:05:08-07:00,0,0
style.css,24,css,9851b038,amz0004,2025-10-08,16:05:08,-07:00,2025-10-08T16:05:08-07:00,0,4
style.css,25,css,9851b038,amz0004,2025-10-08,16:05:08,-07:00,2025-10-08T16:05:08-07:00,2,6
style.css,26,css,9851b038,amz0004,2025-10-08,16:05:08,-07:00,2025-10-08T16:05:08-07:00,2,17
style.css,27,css,9851b038,amz0004,2025-10-08,16:05:08,-07:00,2025-10-08T16:05:08-07:00,2,20
style.css,28,css,9851b038,amz0004,2025-10-08,16:05:08,-07:00,2025-10-08T16:05:08-07:00,2,13
style.css,29,css,9851b038,amz0004,2025-10-08,16:05:08,-07:00,2025-10-08T16:05:08-07:00,2,15
style.css,30,css,9851b038,amz0004,2025-10-08,16:05:08,-07:00,2025-10-08T16:05:08-07:00,0,0
style.css,31,css,9851b038,amz0004,2025-10-08,16:05:08,-07:00,2025-10-08T16:05:08-07:00,0,0
style.css,32,css,9851b038,amz0004,2025-10-08,16:05:08,-07:00,2025-10-08T16:05:08-07:00,0,12
style.css,33,css,9851b038,amz0004,2025-10-08,16:05:08,-07:00,2025-10-08T16:05:08-07:00,2,43
style.css,34,css,9851b038,amz0004,2025-10-08,16:05:08,-07:00,2025-10-08T16:05:08-07:00,2,20
style.css,35,css,9851b038,amz0004,2025-10-08,16:05:08,-07:00,2025-10-08T16:05:08-07:00,0,0
style.css,36,css,9851b038,amz0004,2025-10-08,16:05:08,-07:00,2025-10-08T16:05:08-07:00,0,0
style.css,37,css,9851b038,amz0004,2025-10-08,16:05:08,-07:00,2025-10-08T16:05:08-07:00,0,11
style.css,38,css,9851b038,amz0004,2025-10-08,16:05:08,-07:00,2025-10-08T16:05:08-07:00,1,45
style.css,39,css,9851b038,amz0004,2025-10-08,16:05:08,-07:00,2025-10-08T16:05:08-07:00,1,20
style.css,40,css,738357a0,amz0004,2025-10-16,16:01:22,-07:00,2025-10-16T16:01:22-07:00,1,69
style.css,41,css,9851b038,amz0004,2025-10-08,16:05:08,-07:00,2025-10-08T16:05:08-07:00,0,0
style.css,42,css,9851b038,amz0004,2025-10-08,16:05:08,-07:00,2025-10-08T16:05:08-07:00,0,0
style.css,43,css,9851b038,amz0004,2025-10-08,16:05:08,-07:00,2025-10-08T16:05:08-07:00,0,4
style.css,44,css,9851b038,amz0004,2025-10-08,16:05:08,-07:00,2025-10-08T16:05:08-07:00,1,32
style.css,45,css,9851b038,amz0004,2025-10-08,16:05:08,-07:00,2025-10-08T16:05:08-07:00,0,0
style.css,46,css,9851b038,amz0004,2025-10-08,16:05:08,-07:00,2025-10-08T16:05:08-07:00,0,0
style.css,47,css,9851b038,amz0004,2025-10-08,16:05:08,-07:00,2025-10-08T16:05:08-07:00,0,4
style.css,48,css,9851b038,amz0004,2025-10-08,16:05:08,-07:00,2025-10-08T16:05:08-07:00,2,12
style.css,49,css,9851b038,amz0004,2025-10-08,16:05:08,-07:00,2025-10-08T16:05:08-07:00,2,30
style.css,50,css,9851b038,amz0004,2025-10-08,16:05:08,-07:00,2025-10-08T16:05:08-07:00,2,11
style.css,51,css,9851b038,amz0004,2025-10-08,16:05:08,-07:00,2025-10-08T16:05:08-07:00,0,0
style.css,52,css,9851b038,amz0004,2025-10-08,16:05:08,-07:00,2025-10-08T16:05:08-07:00,0,0
style.css,53,css,9851b038,amz0004,2025-10-08,16:05:08,-07:00,2025-10-08T16:05:08-07:00,0,10
style.css,54,css,9851b038,amz0004,2025-10-08,16:05:08,-07:00,2025-10-08T16:05:08-07:00,2,12
style.css,55,css,9851b038,amz0004,2025-10-08,16:05:08,-07:00,2025-10-08T16:05:08-07:00,2,29
style.css,56,css,9851b038,amz0004,2025-10-08,16:05:08,-07:00,2025-10-08T16:05:08-07:00,2,18
style.css,57,css,9851b038,amz0004,2025-10-08,16:05:08,-07:00,2025-10-08T16:05:08-07:00,2,7
style.css,58,css,9851b038,amz0004,2025-10-08,16:05:08,-07:00,2025-10-08T16:05:08-07:00,0,0
style.css,59,css,9851b038,amz0004,2025-10-08,16:05:08,-07:00,2025-10-08T16:05:08-07:00,0,0
style.css,60,css,9851b038,amz0004,2025-10-08,16:05:08,-07:00,2025-10-08T16:05:08-07:00,0,11
style.css,61,css,9851b038,amz0004,2025-10-08,16:05:08,-07:00,2025-10-08T16:05:08-07:00,2,18
style.css,62,css,9851b038,amz0004,2025-10-08,16:05:08,-07:00,2025-10-08T16:05:08-07:00,2,14
style.css,63,css,9851b038,amz0004,2025-10-08,16:05:08,-07:00,2025-10-08T16:05:08-07:00,0,0
style.css,64,css,9851b038,amz0004,2025-10-08,16:05:08,-07:00,2025-10-08T16:05:08-07:00,0,0
style.css,65,css,9851b038,amz0004,2025-10-08,16:05:08,-07:00,2025-10-08T16:05:08-07:00,0,9
style.css,66,css,9851b038,amz0004,2025-10-08,16:05:08,-07:00,2025-10-08T16:05:08-07:00,2,12
style.css,67,css,9851b038,amz0004,2025-10-08,16:05:08,-07:00,2025-10-08T16:05:08-07:00,2,58
style.css,68,css,9851b038,amz0004,2025-10-08,16:05:08,-07:00,2025-10-08T16:05:08-07:00,2,6
style.css,69,css,9851b038,amz0004,2025-10-08,16:05:08,-07:00,2025-10-08T16:05:08-07:00,0,0
style.css,70,css,9851b038,amz0004,2025-10-08,16:05:08,-07:00,2025-10-08T16:05:08-07:00,0,0
style.css,71,css,9851b038,amz0004,2025-10-08,16:05:08,-07:00,2025-10-08T16:05:08-07:00,0,7
style.css,72,css,9851b038,amz0004,2025-10-08,16:05:08,-07:00,2025-10-08T16:05:08-07:00,2,12
style.css,73,css,9851b038,amz0004,2025-10-08,16:05:08,-07:00,2025-10-08T16:05:08-07:00,2,26
style.css,74,css,9851b038,amz0004,2025-10-08,16:05:08,-07:00,2025-10-08T16:05:08-07:00,2,15
style.css,75,css,9851b038,amz0004,2025-10-08,16:05:08,-07:00,2025-10-08T16:05:08-07:00,0,0
style.css,76,css,9851b038,amz0004,2025-10-08,16:05:08,-07:00,2025-10-08T16:05:08-07:00,0,0
style.css,77,css,9851b038,amz0004,2025-10-08,16:05:08,-07:00,2025-10-08T16:05:08-07:00,0,10
style.css,78,css,9851b038,amz0004,2025-10-08,16:05:08,-07:00,2025-10-08T16:05:08-07:00,2,8
style.css,79,css,9851b038,amz0004,2025-10-08,16:05:08,-07:00,2025-10-08T16:05:08-07:00,0,0
style.css,80,css,9851b038,amz0004,2025-10-08,16:05:08,-07:00,2025-10-08T16:05:08-07:00,0,0
style.css,81,css,9851b038,amz0004,2025-10-08,16:05:08,-07:00,2025-10-08T16:05:08-07:00,0,1
style.css,82,css,9851b038,amz0004,2025-10-08,16:05:08,-07:00,2025-10-08T16:05:08-07:00,2,13
style.css,83,css,9851b038,amz0004,2025-10-08,16:05:08,-07:00,2025-10-08T16:05:08-07:00,2,15
style.css,84,css,9851b038,amz0004,2025-10-08,16:05:08,-07:00,2025-10-08T16:05:08-07:00,2,17
style.css,85,css,9851b038,amz0004,2025-10-08,16:05:08,-07:00,2025-10-08T16:05:08-07:00,0,0
style.css,86,css,9851b038,amz0004,2025-10-08,16:05:08,-07:00,2025-10-08T16:05:08-07:00,0,0
style.css,87,css,9851b038,amz0004,2025-10-08,16:05:08,-07:00,2025-10-08T16:05:08-07:00,0,10
style.css,88,css,9851b038,amz0004,2025-10-08,16:05:08,-07:00,2025-10-08T16:05:08-07:00,2,13
style.css,89,css,9851b038,amz0004,2025-10-08,16:05:08,-07:00,2025-10-08T16:05:08-07:00,2,15
style.css,90,css,9851b038,amz0004,2025-10-08,16:05:08,-07:00,2025-10-08T16:05:08-07:00,2,22
style.css,91,css,9851b038,amz0004,2025-10-08,16:05:08,-07:00,2025-10-08T16:05:08-07:00,2,28
style.css,92,css,9851b038,amz0004,2025-10-08,16:05:08,-07:00,2025-10-08T16:05:08-07:00,2,20
style.css,93,css,9851b038,amz0004,2025-10-08,16:05:08,-07:00,2025-10-08T16:05:08-07:00,2,14
style.css,94,css,9851b038,amz0004,2025-10-08,16:05:08,-07:00,2025-10-08T16:05:08-07:00,0,0
style.css,95,css,9851b038,amz0004,2025-10-08,16:05:08,-07:00,2025-10-08T16:05:08-07:00,0,0
style.css,96,css,9851b038,amz0004,2025-10-08,16:05:08,-07:00,2025-10-08T16:05:08-07:00,0,10
style.css,97,css,9851b038,amz0004,2025-10-08,16:05:08,-07:00,2025-10-08T16:05:08-07:00,2,16
style.css,98,css,9851b038,amz0004,2025-10-08,16:05:08,-07:00,2025-10-08T16:05:08-07:00,2,14
style.css,99,css,9851b038,amz0004,2025-10-08,16:05:08,-07:00,2025-10-08T16:05:08-07:00,0,0
style.css,100,css,9851b038,amz0004,2025-10-08,16:05:08,-07:00,2025-10-08T16:05:08-07:00,0,0
style.css,101,css,9851b038,amz0004,2025-10-08,16:05:08,-07:00,2025-10-08T16:05:08-07:00,0,16
style.css,102,css,9851b038,amz0004,2025-10-08,16:05:08,-07:00,2025-10-08T16:05:08-07:00,2,17
style.css,103,css,9851b038,amz0004,2025-10-08,16:05:08,-07:00,2025-10-08T16:05:08-07:00,2,15
style.css,104,css,9851b038,amz0004,2025-10-08,16:05:08,-07:00,2025-10-08T16:05:08-07:00,2,10
style.css,105,css,9851b038,amz0004,2025-10-08,16:05:08,-07:00,2025-10-08T16:05:08-07:00,2,14
style.css,106,css,9851b038,amz0004,2025-10-08,16:05:08,-07:00,2025-10-08T16:05:08-07:00,0,0
style.css,107,css,9851b038,amz0004,2025-10-08,16:05:08,-07:00,2025-10-08T16:05:08-07:00,0,0
style.css,108,css,9851b038,amz0004,2025-10-08,16:05:08,-07:00,2025-10-08T16:05:08-07:00,0,9
style.css,109,css,9851b038,amz0004,2025-10-08,16:05:08,-07:00,2025-10-08T16:05:08-07:00,2,14
style.css,110,css,9851b038,amz0004,2025-10-08,16:05:08,-07:00,2025-10-08T16:05:08-07:00,0,0
style.css,111,css,9851b038,amz0004,2025-10-08,16:05:08,-07:00,2025-10-08T16:05:08-07:00,0,0
style.css,112,css,9851b038,amz0004,2025-10-08,16:05:08,-07:00,2025-10-08T16:05:08-07:00,0,2
style.css,113,css,9851b038,amz0004,2025-10-08,16:05:08,-07:00,2025-10-08T16:05:08-07:00,2,20
style.css,114,css,9851b038,amz0004,2025-10-08,16:05:08,-07:00,2025-10-08T16:05:08-07:00,2,19
style.css,115,css,9851b038,amz0004,2025-10-08,16:05:08,-07:00,2025-10-08T16:05:08-07:00,0,0
style.css,116,css,9851b038,amz0004,2025-10-08,16:05:08,-07:00,2025-10-08T16:05:08-07:00,0,0
style.css,117,css,738357a0,amz0004,2025-10-16,16:01:22,-07:00,2025-10-16T16:01:22-07:00,0,18
style.css,118,css,738357a0,amz0004,2025-10-16,16:01:22,-07:00,2025-10-16T16:01:22-07:00,1,17
style.css,119,css,738357a0,amz0004,2025-10-16,16:01:22,-07:00,2025-10-16T16:01:22-07:00,1,8
style.css,120,css,738357a0,amz0004,2025-10-16,16:01:22,-07:00,2025-10-16T16:01:22-07:00,1,10
style.css,121,css,738357a0,amz0004,2025-10-16,16:01:22,-07:00,2025-10-16T16:01:22-07:00,1,13
style.css,122,css,738357a0,amz0004,2025-10-16,16:01:22,-07:00,2025-10-16T16:01:22-07:00,1,19
style.css,123,css,738357a0,amz0004,2025-10-16,16:01:22,-07:00,2025-10-16T16:01:22-07:00,1,32
style.css,124,css,738357a0,amz0004,2025-10-16,16:01:22,-07:00,2025-10-16T16:01:22-07:00,1,33
style.css,125,css,738357a0,amz0004,2025-10-16,16:01:22,-07:00,2025-10-16T16:01:22-07:00,1,19
style.css,126,css,738357a0,amz0004,2025-10-16,16:01:22,-07:00,2025-10-16T16:01:22-07:00,0,0
style.css,127,css,738357a0,amz0004,2025-10-16,16:01:22,-07:00,2025-10-16T16:01:22-07:00,0,0
style.css,128,css,738357a0,amz0004,2025-10-16,16:01:22,-07:00,2025-10-16T16:01:22-07:00,0,25
style.css,129,css,738357a0,amz0004,2025-10-16,16:01:22,-07:00,2025-10-16T16:01:22-07:00,1,19
style.css,130,css,738357a0,amz0004,2025-10-16,16:01:22,-07:00,2025-10-16T16:01:22-07:00,1,15
style.css,131,css,738357a0,amz0004,2025-10-16,16:01:22,-07:00,2025-10-16T16:01:22-07:00,1,32
style.css,132,css,738357a0,amz0004,2025-10-16,16:01:22,-07:00,2025-10-16T16:01:22-07:00,1,33
style.css,133,css,738357a0,amz0004,2025-10-16,16:01:22,-07:00,2025-10-16T16:01:22-07:00,1,56
style.css,134,css,738357a0,amz0004,2025-10-16,16:01:22,-07:00,2025-10-16T16:01:22-07:00,1,19
style.css,135,css,738357a0,amz0004,2025-10-16,16:01:22,-07:00,2025-10-16T16:01:22-07:00,1,19
style.css,136,css,daae1541,amz0004,2025-10-24,14:21:32,-07:00,2025-10-24T14:21:32-07:00,0,0
style.css,137,css,daae1541,amz0004,2025-10-24,14:21:32,-07:00,2025-10-24T14:21:32-07:00,0,0
style.css,138,css,daae1541,amz0004,2025-10-24,14:21:32,-07:00,2025-10-24T14:21:32-07:00,0,17
style.css,139,css,daae1541,amz0004,2025-10-24,14:21:32,-07:00,2025-10-24T14:21:32-07:00,2,12
style.css,140,css,daae1541,amz0004,2025-10-24,14:21:32,-07:00,2025-10-24T14:21:32-07:00,2,36
style.css,141,css,daae1541,amz0004,2025-10-24,14:21:32,-07:00,2025-10-24T14:21:32-07:00,2,28
style.css,142,css,daae1541,amz0004,2025-10-24,14:21:32,-07:00,2025-10-24T14:21:32-07:00,2,15
style.css,143,css,daae1541,amz0004,2025-10-24,14:21:32,-07:00,2025-10-24T14:21:32-07:00,0,0
style.css,144,css,daae1541,amz0004,2025-10-24,14:21:32,-07:00,2025-10-24T14:21:32-07:00,0,0
style.css,145,css,daae1541,amz0004,2025-10-24,14:21:32,-07:00,2025-10-24T14:21:32-07:00,0,17
style.css,146,css,daae1541,amz0004,2025-10-24,14:21:32,-07:00,2025-10-24T14:21:32-07:00,2,10
style.css,147,css,daae1541,amz0004,2025-10-24,14:21:32,-07:00,2025-10-24T14:21:32-07:00,2,16
style.css,148,css,daae1541,amz0004,2025-10-24,14:21:32,-07:00,2025-10-24T14:21:32-07:00,2,17
style.css,149,css,daae1541,amz0004,2025-10-24,14:21:32,-07:00,2025-10-24T14:21:32-07:00,0,0
style.css,150,css,daae1541,amz0004,2025-10-24,14:21:32,-07:00,2025-10-24T14:21:32-07:00,0,0
style.css,151,css,daae1541,amz0004,2025-10-24,14:21:32,-07:00,2025-10-24T14:21:32-07:00,0,17
style.css,152,css,daae1541,amz0004,2025-10-24,14:21:32,-07:00,2025-10-24T14:21:32-07:00,2,10
style.css,153,css,daae1541,amz0004,2025-10-24,14:21:32,-07:00,2025-10-24T14:21:32-07:00,2,8
style.css,154,css,daae1541,amz0004,2025-10-24,14:21:32,-07:00,2025-10-24T14:21:32-07:00,2,17
style.css,155,css,87a55f25,amz0004,2025-11-01,17:14:29,-07:00,2025-11-01T17:14:29-07:00,0,0
style.css,156,css,87a55f25,amz0004,2025-11-01,17:14:29,-07:00,2025-11-01T17:14:29-07:00,0,0
style.css,157,css,87a55f25,amz0004,2025-11-01,17:14:29,-07:00,2025-11-01T17:14:29-07:00,0,13
style.css,158,css,87a55f25,amz0004,2025-11-01,17:14:29,-07:00,2025-11-01T17:14:29-07:00,1,13
style.css,159,css,87a55f25,amz0004,2025-11-01,17:14:29,-07:00,2025-11-01T17:14:29-07:00,1,17
style.css,160,css,87a55f25,amz0004,2025-11-01,17:14:29,-07:00,2025-11-01T17:14:29-07:00,1,49
style.css,161,css,87a55f25,amz0004,2025-11-01,17:14:29,-07:00,2025-11-01T17:14:29-07:00,1,34
style.css,162,css,87a55f25,amz0004,2025-11-01,17:14:29,-07:00,2025-11-01T17:14:29-07:00,0,0
style.css,163,css,87a55f25,amz0004,2025-11-01,17:14:29,-07:00,2025-11-01T17:14:29-07:00,0,0
style.css,164,css,87a55f25,amz0004,2025-11-01,17:14:29,-07:00,2025-11-01T17:14:29-07:00,0,18
style.css,165,css,87a55f25,amz0004,2025-11-01,17:14:29,-07:00,2025-11-01T17:14:29-07:00,1,14
style.css,166,css,87a55f25,amz0004,2025-11-01,17:14:29,-07:00,2025-11-01T17:14:29-07:00,1,16
style.css,167,css,87a55f25,amz0004,2025-11-01,17:14:29,-07:00,2025-11-01T17:14:29-07:00,0,0
style.css,168,css,87a55f25,amz0004,2025-11-01,17:14:29,-07:00,2025-11-01T17:14:29-07:00,1,16
style.css,169,css,87a55f25,amz0004,2025-11-01,17:14:29,-07:00,2025-11-01T17:14:29-07:00,0,0
style.css,170,css,87a55f25,amz0004,2025-11-01,17:14:29,-07:00,2025-11-01T17:14:29-07:00,0,0
style.css,171,css,87a55f25,amz0004,2025-11-01,17:14:29,-07:00,2025-11-01T17:14:29-07:00,0,0
style.css,172,css,87a55f25,amz0004,2025-11-01,17:14:29,-07:00,2025-11-01T17:14:29-07:00,0,10
style.css,173,css,87a55f25,amz0004,2025-11-01,17:14:29,-07:00,2025-11-01T17:14:29-07:00,1,12
style.css,174,css,87a55f25,amz0004,2025-11-01,17:14:29,-07:00,2025-11-01T17:14:29-07:00,1,14
style.css,175,css,87a55f25,amz0004,2025-11-01,17:14:29,-07:00,2025-11-01T17:14:29-07:00,1,18
style.css,176,css,87a55f25,amz0004,2025-11-01,17:14:29,-07:00,2025-11-01T17:14:29-07:00,1,8
style.css,177,css,87a55f25,amz0004,2025-11-01,17:14:29,-07:00,2025-11-01T17:14:29-07:00,0,0
style.css,178,css,87a55f25,amz0004,2025-11-01,17:14:29,-07:00,2025-11-01T17:14:29-07:00,0,0
style.css,179,css,87a55f25,amz0004,2025-11-01,17:14:29,-07:00,2025-11-01T17:14:29-07:00,0,3
style.css,180,css,87a55f25,amz0004,2025-11-01,17:14:29,-07:00,2025-11-01T17:14:29-07:00,1,6
style.css,181,css,87a55f25,amz0004,2025-11-01,17:14:29,-07:00,2025-11-01T17:14:29-07:00,1,11
style.css,182,css,87a55f25,amz0004,2025-11-01,17:14:29,-07:00,2025-11-01T17:14:29-07:00,1,11
style.css,183,css,87a55f25,amz0004,2025-11-01,17:14:29,-07:00,2025-11-01T17:14:29-07:00,0,0
style.css,184,css,87a55f25,amz0004,2025-11-01,17:14:29,-07:00,2025-11-01T17:14:29-07:00,0,0
style.css,185,css,87a55f25,amz0004,2025-11-01,17:14:29,-07:00,2025-11-01T17:14:29-07:00,0,7
style.css,186,css,87a55f25,amz0004,2025-11-01,17:14:29,-07:00,2025-11-01T17:14:29-07:00,1,6
style.css,187,css,87a55f25,amz0004,2025-11-01,17:14:29,-07:00,2025-11-01T17:14:29-07:00,1,12
style.css,188,css,87a55f25,amz0004,2025-11-01,17:14:29,-07:00,2025-11-01T17:14:29-07:00,1,21
style.css,189,css,87a55f25,amz0004,2025-11-01,17:14:29,-07:00,2025-11-01T17:14:29-07:00,1,10
style.css,190,css,87a55f25,amz0004,2025-11-01,17:14:29,-07:00,2025-11-01T17:14:29-07:00,1,15
style.css,191,css,87a55f25,amz0004,2025-11-01,17:14:29,-07:00,2025-11-01T17:14:29-07:00,1,9
style.css,192,css,87a55f25,amz0004,2025-11-01,17:14:29,-07:00,2025-11-01T17:14:29-07:00,1,8
style.css,193,css,87a55f25,amz0004,2025-11-01,17:14:29,-07:00,2025-11-01T17:14:29-07:00,0,0
style.css,194,css,87a55f25,amz0004,2025-11-01,17:14:29,-07:00,2025-11-01T17:14:29-07:00,0,0
style.css,195,css,87a55f25,amz0004,2025-11-01,17:14:29,-07:00,2025-11-01T17:14:29-07:00,0,12
style.css,196,css,87a55f25,amz0004,2025-11-01,17:14:29,-07:00,2025-11-01T17:14:29-07:00,1,12
style.css,197,css,87a55f25,amz0004,2025-11-01,17:14:29,-07:00,2025-11-01T17:14:29-07:00,1,18
style.css,198,css,87a55f25,amz0004,2025-11-01,17:14:29,-07:00,2025-11-01T17:14:29-07:00,1,10
style.css,199,css,87a55f25,amz0004,2025-11-01,17:14:29,-07:00,2025-11-01T17:14:29-07:00,0,0
style.css,200,css,87a55f25,amz0004,2025-11-01,17:14:29,-07:00,2025-11-01T17:14:29-07:00,0,0
style.css,201,css,87a55f25,amz0004,2025-11-01,17:14:29,-07:00,2025-11-01T17:14:29-07:00,0,7
style.css,202,css,87a55f25,amz0004,2025-11-01,17:14:29,-07:00,2025-11-01T17:14:29-07:00,1,20
style.css,203,css,87a55f25,amz0004,2025-11-01,17:14:29,-07:00,2025-11-01T17:14:29-07:00,1,9
style.css,204,css,87a55f25,amz0004,2025-11-01,17:14:29,-07:00,2025-11-01T17:14:29-07:00,1,10
style.css,205,css,87a55f25,amz0004,2025-11-01,17:14:29,-07:00,2025-11-01T17:14:29-07:00,1,18
style.css,206,css,87a55f25,amz0004,2025-11-01,17:14:29,-07:00,2025-11-01T17:14:29-07:00,1,17
style.css,207,css,87a55f25,amz0004,2025-11-01,17:14:29,-07:00,2025-11-01T17:14:29-07:00,1,29
style.css,208,css,87a55f25,amz0004,2025-11-01,17:14:29,-07:00,2025-11-01T17:14:29-07:00,0,0
style.css,209,css,87a55f25,amz0004,2025-11-01,17:14:29,-07:00,2025-11-01T17:14:29-07:00,0,0
style.css,210,css,87a55f25,amz0004,2025-11-01,17:14:29,-07:00,2025-11-01T17:14:29-07:00,0,17
style.css,211,css,87a55f25,amz0004,2025-11-01,17:14:29,-07:00,2025-11-01T17:14:29-07:00,1,16
style.css,212,css,87a55f25,amz0004,2025-11-01,17:14:29,-07:00,2025-11-01T17:14:29-07:00,2,11
style.css,213,css,87a55f25,amz0004,2025-11-01,17:14:29,-07:00,2025-11-01T17:14:29-07:00,1,0
style.css,214,css,87a55f25,amz0004,2025-11-01,17:14:29,-07:00,2025-11-01T17:14:29-07:00,0,0
style.css,215,css,87a55f25,amz0004,2025-11-01,17:14:29,-07:00,2025-11-01T17:14:29-07:00,0,0
style.css,216,css,87a55f25,amz0004,2025-11-01,17:14:29,-07:00,2025-11-01T17:14:29-07:00,0,4
style.css,217,css,87a55f25,amz0004,2025-11-01,17:14:29,-07:00,2025-11-01T17:14:29-07:00,1,16
style.css,218,css,87a55f25,amz0004,2025-11-01,17:14:29,-07:00,2025-11-01T17:14:29-07:00,1,14
style.css,219,css,87a55f25,amz0004,2025-11-01,17:14:29,-07:00,2025-11-01T17:14:29-07:00,0,0
style.css,220,css,87a55f25,amz0004,2025-11-01,17:14:29,-07:00,2025-11-01T17:14:29-07:00,0,0
style.css,221,css,87a55f25,amz0004,2025-11-01,17:14:29,-07:00,2025-11-01T17:14:29-07:00,0,9
style.css,222,css,87a55f25,amz0004,2025-11-01,17:14:29,-07:00,2025-11-01T17:14:29-07:00,1,49
style.css,223,css,87a55f25,amz0004,2025-11-01,17:14:29,-07:00,2025-11-01T17:14:29-07:00,0,0
style.css,224,css,87a55f25,amz0004,2025-11-01,17:14:29,-07:00,2025-11-01T17:14:29-07:00,1,10
style.css,225,css,87a55f25,amz0004,2025-11-01,17:14:29,-07:00,2025-11-01T17:14:29-07:00,2,17
style.css,226,css,87a55f25,amz0004,2025-11-01,17:14:29,-07:00,2025-11-01T17:14:29-07:00,1,0
style.css,227,css,87a55f25,amz0004,2025-11-01,17:14:29,-07:00,2025-11-01T17:14:29-07:00,0,0
style.css,228,css,87a55f25,amz0004,2025-11-01,17:14:29,-07:00,2025-11-01T17:14:29-07:00,0,0
index.js,1,js,daae1541,amz0004,2025-10-24,14:21:32,-07:00,2025-10-24T14:21:32-07:00,0,71
index.js,2,js,daae1541,amz0004,2025-10-24,14:21:32,-07:00,2025-10-24T14:21:32-07:00,0,54
index.js,3,js,daae1541,amz0004,2025-10-24,14:21:32,-07:00,2025-10-24T14:21:32-07:00,0,42
index.js,4,js,daae1541,amz0004,2025-10-24,14:21:32,-07:00,2025-10-24T14:21:32-07:00,0,60
index.js,5,js,daae1541,amz0004,2025-10-24,14:21:32,-07:00,2025-10-24T14:21:32-07:00,0,54
index.js,6,js,daae1541,amz0004,2025-10-24,14:21:32,-07:00,2025-10-24T14:21:32-07:00,0,0
index.js,7,js,daae1541,amz0004,2025-10-24,14:21:32,-07:00,2025-10-24T14:21:32-07:00,0,50
index.js,8,js,daae1541,amz0004,2025-10-24,14:21:32,-07:00,2025-10-24T14:21:32-07:00,0,60
index.js,9,js,daae1541,amz0004,2025-10-24,14:21:32,-07:00,2025-10-24T14:21:32-07:00,0,0
index.js,10,js,daae1541,amz0004,2025-10-24,14:21:32,-07:00,2025-10-24T14:21:32-07:00,0,17
index.js,11,js,daae1541,amz0004,2025-10-24,14:21:32,-07:00,2025-10-24T14:21:32-07:00,1,24
index.js,12,js,daae1541,amz0004,2025-10-24,14:21:32,-07:00,2025-10-24T14:21:32-07:00,4,2
index.js,13,js,daae1541,amz0004,2025-10-24,14:21:32,-07:00,2025-10-24T14:21:32-07:00,5,55
index.js,14,js,daae1541,amz0004,2025-10-24,14:21:32,-07:00,2025-10-24T14:21:32-07:00,5,55
index.js,15,js,daae1541,amz0004,2025-10-24,14:21:32,-07:00,2025-10-24T14:21:32-07:00,5,49
index.js,16,js,daae1541,amz0004,2025-10-24,14:21:32,-07:00,2025-10-24T14:21:32-07:00,5,49
index.js,17,js,daae1541,amz0004,2025-10-24,14:21:32,-07:00,2025-10-24T14:21:32-07:00,4,3
index.js,18,js,daae1541,amz0004,2025-10-24,14:21:32,-07:00,2025-10-24T14:21:32-07:00,2,0
index.js,19,js,daae1541,amz0004,2025-10-24,14:21:32,-07:00,2025-10-24T14:21:32-07:00,0,0
index.html,1,html,c024d35d,amz0004,2025-09-30,17:12:03,-07:00,2025-09-30T17:12:03-07:00,0,13
index.html,2,html,c024d35d,amz0004,2025-09-30,17:12:03,-07:00,2025-09-30T17:12:03-07:00,0,14
index.html,3,html,c024d35d,amz0004,2025-09-30,17:12:03,-07:00,2025-09-30T17:12:03-07:00,0,4
index.html,4,html,c024d35d,amz0004,2025-09-30,17:12:03,-07:00,2025-09-30T17:12:03-07:00,2,20
index.html,5,html,c024d35d,amz0004,2025-09-30,17:12:03,-07:00,2025-09-30T17:12:03-07:00,2,68
index.html,6,html,c024d35d,amz0004,2025-09-30,17:12:03,-07:00,2025-09-30T17:12:03-07:00,2,50
index.html,7,html,4f160926,amz0004,2025-10-02,08:21:26,-07:00,2025-10-02T08:21:26-07:00,2,38
index.html,8,html,5f21698d,amz0004,2025-10-02,08:37:24,-07:00,2025-10-02T08:37:24-07:00,0,5
index.html,9,html,5f21698d,amz0004,2025-10-02,08:37:24,-07:00,2025-10-02T08:37:24-07:00,0,4
index.html,10,html,c024d35d,amz0004,2025-09-30,17:12:03,-07:00,2025-09-30T17:12:03-07:00,2,15
index.html,11,html,c024d35d,amz0004,2025-09-30,17:12:03,-07:00,2025-09-30T17:12:03-07:00,2,75
index.html,12,html,4f160926,amz0004,2025-10-02,08:21:26,-07:00,2025-10-02T08:21:26-07:00,2,66
index.html,13,html,daae1541,amz0004,2025-10-24,14:21:32,-07:00,2025-10-24T14:21:32-07:00,0,0
index.html,14,html,daae1541,amz0004,2025-10-24,14:21:32,-07:00,2025-10-24T14:21:32-07:00,2,22
index.html,15,html,daae1541,amz0004,2025-10-24,14:21:32,-07:00,2025-10-24T14:21:32-07:00,2,26
index.html,16,html,daae1541,amz0004,2025-10-24,14:21:32,-07:00,2025-10-24T14:21:32-07:00,2,28
index.html,17,html,daae1541,amz0004,2025-10-24,14:21:32,-07:00,2025-10-24T14:21:32-07:00,0,0
index.html,18,html,738357a0,amz0004,2025-10-16,16:01:22,-07:00,2025-10-16T16:01:22-07:00,2,45
index.html,19,html,daae1541,amz0004,2025-10-24,14:21:32,-07:00,2025-10-24T14:21:32-07:00,2,50
index.html,20,html,daae1541,amz0004,2025-10-24,14:21:32,-07:00,2025-10-24T14:21:32-07:00,0,0
index.html,21,html,daae1541,amz0004,2025-10-24,14:21:32,-07:00,2025-10-24T14:21:32-07:00,2,0
index.html,22,html,c024d35d,amz0004,2025-09-30,17:12:03,-07:00,2025-09-30T17:12:03-07:00,0,5
index.html,23,html,c024d35d,amz0004,2025-09-30,17:12:03,-07:00,2025-09-30T17:12:03-07:00,0,5
global.js,1,js,738357a0,amz0004,2025-10-16,16:01:22,-07:00,2025-10-16T16:01:22-07:00,0,88
global.js,2,js,738357a0,amz0004,2025-10-16,16:01:22,-07:00,2025-10-16T16:01:22-07:00,1,3
global.js,3,js,11ee25e6,amz0004,2025-10-16,19:20:55,-07:00,2025-10-16T19:20:55-07:00,1,14
global.js,4,js,738357a0,amz0004,2025-10-16,16:01:22,-07:00,2025-10-16T16:01:22-07:00,0,0
global.js,5,js,738357a0,amz0004,2025-10-16,16:01:22,-07:00,2025-10-16T16:01:22-07:00,0,25
global.js,6,js,738357a0,amz0004,2025-10-16,16:01:22,-07:00,2025-10-16T16:01:22-07:00,0,0
global.js,7,js,738357a0,amz0004,2025-10-16,16:01:22,-07:00,2025-10-16T16:01:22-07:00,0,41
global.js,8,js,738357a0,amz0004,2025-10-16,16:01:22,-07:00,2025-10-16T16:01:22-07:00,1,52
global.js,9,js,738357a0,amz0004,2025-10-16,16:01:22,-07:00,2025-10-16T16:01:22-07:00,0,0
global.js,10,js,738357a0,amz0004,2025-10-16,16:01:22,-07:00,2025-10-16T16:01:22-07:00,0,0
global.js,11,js,738357a0,amz0004,2025-10-16,16:01:22,-07:00,2025-10-16T16:01:22-07:00,0,11
global.js,12,js,738357a0,amz0004,2025-10-16,16:01:22,-07:00,2025-10-16T16:01:22-07:00,1,25
global.js,13,js,738357a0,amz0004,2025-10-16,16:01:22,-07:00,2025-10-16T16:01:22-07:00,1,38
global.js,14,js,738357a0,amz0004,2025-10-16,16:01:22,-07:00,2025-10-16T16:01:22-07:00,1,34
global.js,15,js,738357a0,amz0004,2025-10-16,16:01:22,-07:00,2025-10-16T16:01:22-07:00,1,36
global.js,16,js,00000000,Not Committed Yet,2025-11-07,16:44:30,-08:00,2025-11-07T16:44:30-08:00,1,30
global.js,17,js,738357a0,amz0004,2025-10-16,16:01:22,-07:00,2025-10-16T16:01:22-07:00,1,53
global.js,18,js,738357a0,amz0004,2025-10-16,16:01:22,-07:00,2025-10-16T16:01:22-07:00,0,0
global.js,19,js,738357a0,amz0004,2025-10-16,16:01:22,-07:00,2025-10-16T16:01:22-07:00,0,0
global.js,20,js,738357a0,amz0004,2025-10-16,16:01:22,-07:00,2025-10-16T16:01:22-07:00,0,38
global.js,21,js,738357a0,amz0004,2025-10-16,16:01:22,-07:00,2025-10-16T16:01:22-07:00,0,25
global.js,22,js,738357a0,amz0004,2025-10-16,16:01:22,-07:00,2025-10-16T16:01:22-07:00,0,0
global.js,23,js,738357a0,amz0004,2025-10-16,16:01:22,-07:00,2025-10-16T16:01:22-07:00,0,0
global.js,24,js,738357a0,amz0004,2025-10-16,16:01:22,-07:00,2025-10-16T16:01:22-07:00,0,20
global.js,25,js,738357a0,amz0004,2025-10-16,16:01:22,-07:00,2025-10-16T16:01:22-07:00,1,14
global.js,26,js,738357a0,amz0004,2025-10-16,16:01:22,-07:00,2025-10-16T16:01:22-07:00,1,18
global.js,27,js,738357a0,amz0004,2025-10-16,16:01:22,-07:00,2025-10-16T16:01:22-07:00,1,52
global.js,28,js,738357a0,amz0004,2025-10-16,16:01:22,-07:00,2025-10-16T16:01:22-07:00,1,34
global.js,29,js,738357a0,amz0004,2025-10-16,16:01:22,-07:00,2025-10-16T16:01:22-07:00,1,11
global.js,30,js,738357a0,amz0004,2025-10-16,16:01:22,-07:00,2025-10-16T16:01:22-07:00,1,20
global.js,31,js,738357a0,amz0004,2025-10-16,16:01:22,-07:00,2025-10-16T16:01:22-07:00,1,17
global.js,32,js,738357a0,amz0004,2025-10-16,16:01:22,-07:00,2025-10-16T16:01:22-07:00,2,8
global.js,33,js,738357a0,amz0004,2025-10-16,16:01:22,-07:00,2025-10-16T16:01:22-07:00,2,58
global.js,34,js,738357a0,amz0004,2025-10-16,16:01:22,-07:00,2025-10-16T16:01:22-07:00,1,0
global.js,35,js,738357a0,amz0004,2025-10-16,16:01:22,-07:00,2025-10-16T16:01:22-07:00,1,12
global.js,36,js,738357a0,amz0004,2025-10-16,16:01:22,-07:00,2025-10-16T16:01:22-07:00,0,0
global.js,37,js,738357a0,amz0004,2025-10-16,16:01:22,-07:00,2025-10-16T16:01:22-07:00,0,0
global.js,38,js,738357a0,amz0004,2025-10-16,16:01:22,-07:00,2025-10-16T16:01:22-07:00,0,31
global.js,39,js,738357a0,amz0004,2025-10-16,16:01:22,-07:00,2025-10-16T16:01:22-07:00,1,11
global.js,40,js,738357a0,amz0004,2025-10-16,16:01:22,-07:00,2025-10-16T16:01:22-07:00,1,0
global.js,41,js,738357a0,amz0004,2025-10-16,16:01:22,-07:00,2025-10-16T16:01:22-07:00,1,26
global.js,42,js,738357a0,amz0004,2025-10-16,16:01:22,-07:00,2025-10-16T16:01:22-07:00,2,4
global.js,43,js,738357a0,amz0004,2025-10-16,16:01:22,-07:00,2025-10-16T16:01:22-07:00,2,24
global.js,44,js,738357a0,amz0004,2025-10-16,16:01:22,-07:00,2025-10-16T16:01:22-07:00,3,43
global.js,45,js,738357a0,amz0004,2025-10-16,16:01:22,-07:00,2025-10-16T16:01:22-07:00,3,34
global.js,46,js,738357a0,amz0004,2025-10-16,16:01:22,-07:00,2025-10-16T16:01:22-07:00,3,32
global.js,47,js,738357a0,amz0004,2025-10-16,16:01:22,-07:00,2025-10-16T16:01:22-07:00,2,7
global.js,48,js,738357a0,amz0004,2025-10-16,16:01:22,-07:00,2025-10-16T16:01:22-07:00,1,6
global.js,49,js,738357a0,amz0004,2025-10-16,16:01:22,-07:00,2025-10-16T16:01:22-07:00,1,0
global.js,50,js,738357a0,amz0004,2025-10-16,16:01:22,-07:00,2025-10-16T16:01:22-07:00,0,0
global.js,51,js,738357a0,amz0004,2025-10-16,16:01:22,-07:00,2025-10-16T16:01:22-07:00,0,0
global.js,52,js,738357a0,amz0004,2025-10-16,16:01:22,-07:00,2025-10-16T16:01:22-07:00,0,53
global.js,53,js,738357a0,amz0004,2025-10-16,16:01:22,-07:00,2025-10-16T16:01:22-07:00,0,49
global.js,54,js,738357a0,amz0004,2025-10-16,16:01:22,-07:00,2025-10-16T16:01:22-07:00,1,31
global.js,55,js,738357a0,amz0004,2025-10-16,16:01:22,-07:00,2025-10-16T16:01:22-07:00,1,44
global.js,56,js,738357a0,amz0004,2025-10-16,16:01:22,-07:00,2025-10-16T16:01:22-07:00,1,64
global.js,57,js,738357a0,amz0004,2025-10-16,16:01:22,-07:00,2025-10-16T16:01:22-07:00,1,31
global.js,58,js,738357a0,amz0004,2025-10-16,16:01:22,-07:00,2025-10-16T16:01:22-07:00,0,1
global.js,59,js,738357a0,amz0004,2025-10-16,16:01:22,-07:00,2025-10-16T16:01:22-07:00,0,0
global.js,60,js,738357a0,amz0004,2025-10-16,16:01:22,-07:00,2025-10-16T16:01:22-07:00,0,0
global.js,61,js,738357a0,amz0004,2025-10-16,16:01:22,-07:00,2025-10-16T16:01:22-07:00,0,34
global.js,62,js,738357a0,amz0004,2025-10-16,16:01:22,-07:00,2025-10-16T16:01:22-07:00,1,37
global.js,63,js,738357a0,amz0004,2025-10-16,16:01:22,-07:00,2025-10-16T16:01:22-07:00,1,64
global.js,64,js,738357a0,amz0004,2025-10-16,16:01:22,-07:00,2025-10-16T16:01:22-07:00,1,19
global.js,65,js,daae1541,amz0004,2025-10-24,14:21:32,-07:00,2025-10-24T14:21:32-07:00,0,0
global.js,66,js,daae1541,amz0004,2025-10-24,14:21:32,-07:00,2025-10-24T14:21:32-07:00,0,0
global.js,67,js,daae1541,amz0004,2025-10-24,14:21:32,-07:00,2025-10-24T14:21:32-07:00,0,36
global.js,68,js,daae1541,amz0004,2025-10-24,14:21:32,-07:00,2025-10-24T14:21:32-07:00,1,3
global.js,69,js,daae1541,amz0004,2025-10-24,14:21:32,-07:00,2025-10-24T14:21:32-07:00,2,32
global.js,70,js,daae1541,amz0004,2025-10-24,14:21:32,-07:00,2025-10-24T14:21:32-07:00,2,17
global.js,71,js,daae1541,amz0004,2025-10-24,14:21:32,-07:00,2025-10-24T14:21:32-07:00,3,66
global.js,72,js,daae1541,amz0004,2025-10-24,14:21:32,-07:00,2025-10-24T14:21:32-07:00,2,0
global.js,73,js,daae1541,amz0004,2025-10-24,14:21:32,-07:00,2025-10-24T14:21:32-07:00,2,33
global.js,74,js,daae1541,amz0004,2025-10-24,14:21:32,-07:00,2025-10-24T14:21:32-07:00,2,10
global.js,75,js,daae1541,amz0004,2025-10-24,14:21:32,-07:00,2025-10-24T14:21:32-07:00,1,15
global.js,76,js,daae1541,amz0004,2025-10-24,14:21:32,-07:00,2025-10-24T14:21:32-07:00,2,59
global.js,77,js,daae1541,amz0004,2025-10-24,14:21:32,-07:00,2025-10-24T14:21:32-07:00,1,0
global.js,78,js,daae1541,amz0004,2025-10-24,14:21:32,-07:00,2025-10-24T14:21:32-07:00,0,0
global.js,79,js,daae1541,amz0004,2025-10-24,14:21:32,-07:00,2025-10-24T14:21:32-07:00,0,0
global.js,80,js,daae1541,amz0004,2025-10-24,14:21:32,-07:00,2025-10-24T14:21:32-07:00,0,79
global.js,81,js,daae1541,amz0004,2025-10-24,14:21:32,-07:00,2025-10-24T14:21:32-07:00,1,30
global.js,82,js,daae1541,amz0004,2025-10-24,14:21:32,-07:00,2025-10-24T14:21:32-07:00,1,27
global.js,83,js,daae1541,amz0004,2025-10-24,14:21:32,-07:00,2025-10-24T14:21:32-07:00,2,48
global.js,84,js,daae1541,amz0004,2025-10-24,14:21:32,-07:00,2025-10-24T14:21:32-07:00,2,19
global.js,85,js,daae1541,amz0004,2025-10-24,14:21:32,-07:00,2025-10-24T14:21:32-07:00,3,49
global.js,86,js,daae1541,amz0004,2025-10-24,14:21:32,-07:00,2025-10-24T14:21:32-07:00,3,49
global.js,87,js,87a55f25,amz0004,2025-11-01,17:14:29,-07:00,2025-11-01T17:14:29-07:00,3,24
global.js,88,js,87a55f25,amz0004,2025-11-01,17:14:29,-07:00,2025-11-01T17:14:29-07:00,4,55
global.js,89,js,87a55f25,amz0004,2025-11-01,17:14:29,-07:00,2025-11-01T17:14:29-07:00,4,41
global.js,90,js,87a55f25,amz0004,2025-11-01,17:14:29,-07:00,2025-11-01T17:14:29-07:00,3,4
global.js,91,js,daae1541,amz0004,2025-10-24,14:21:32,-07:00,2025-10-24T14:21:32-07:00,2,0
global.js,92,js,daae1541,amz0004,2025-10-24,14:21:32,-07:00,2025-10-24T14:21:32-07:00,0,0
global.js,93,js,daae1541,amz0004,2025-10-24,14:21:32,-07:00,2025-10-24T14:21:32-07:00,2,36
global.js,94,js,daae1541,amz0004,2025-10-24,14:21:32,-07:00,2025-10-24T14:21:32-07:00,1,1
global.js,95,js,daae1541,amz0004,2025-10-24,14:21:32,-07:00,2025-10-24T14:21:32-07:00,0,0
global.js,96,js,daae1541,amz0004,2025-10-24,14:21:32,-07:00,2025-10-24T14:21:32-07:00,0,0
global.js,97,js,daae1541,amz0004,2025-10-24,14:21:32,-07:00,2025-10-24T14:21:32-07:00,0,47
global.js,98,js,daae1541,amz0004,2025-10-24,14:21:32,-07:00,2025-10-24T14:21:32-07:00,1,59
global.js,99,js,738357a0,amz0004,2025-10-16,16:01:22,-07:00,2025-10-16T16:01:22-07:00,0,0
resume/index.html,1,html,4f160926,amz0004,2025-10-02,08:21:26,-07:00,2025-10-02T08:21:26-07:00,0,13
resume/index.html,2,html,4f160926,amz0004,2025-10-02,08:21:26,-07:00,2025-10-02T08:21:26-07:00,0,14
resume/index.html,3,html,4f160926,amz0004,2025-10-02,08:21:26,-07:00,2025-10-02T08:21:26-07:00,0,4
resume/index.html,4,html,4f160926,amz0004,2025-10-02,08:21:26,-07:00,2025-10-02T08:21:26-07:00,2,20
resume/index.html,5,html,4f160926,amz0004,2025-10-02,08:21:26,-07:00,2025-10-02T08:21:26-07:00,2,68
resume/index.html,6,html,4f160926,amz0004,2025-10-02,08:21:26,-07:00,2025-10-02T08:21:26-07:00,2,19
resume/index.html,7,html,48b08287,amz0004,2025-10-02,08:37:51,-07:00,2025-10-02T08:37:51-07:00,2,41
resume/index.html,8,html,48b08287,amz0004,2025-10-02,08:37:51,-07:00,2025-10-02T08:37:51-07:00,0,5
resume/index.html,9,html,48b08287,amz0004,2025-10-02,08:37:51,-07:00,2025-10-02T08:37:51-07:00,0,0
resume/index.html,10,html,48b08287,amz0004,2025-10-02,08:37:51,-07:00,2025-10-02T08:37:51-07:00,0,4
resume/index.html,11,html,4f160926,amz0004,2025-10-02,08:21:26,-07:00,2025-10-02T08:21:26-07:00,1,6
resume/index.html,12,html,4f160926,amz0004,2025-10-02,08:21:26,-07:00,2025-10-02T08:21:26-07:00,2,13
resume/index.html,13,html,4f160926,amz0004,2025-10-02,08:21:26,-07:00,2025-10-02T08:21:26-07:00,1,7
resume/index.html,14,html,4f160926,amz0004,2025-10-02,08:21:26,-07:00,2025-10-02T08:21:26-07:00,0,0
resume/index.html,15,html,4f160926,amz0004,2025-10-02,08:21:26,-07:00,2025-10-02T08:21:26-07:00,1,7
resume/index.html,16,html,4f160926,amz0004,2025-10-02,08:21:26,-07:00,2025-10-02T08:21:26-07:00,2,16
resume/index.html,17,html,4f160926,amz0004,2025-10-02,08:21:26,-07:00,2025-10-02T08:21:26-07:00,2,7
resume/index.html,18,html,4f160926,amz0004,2025-10-02,08:21:26,-07:00,2025-10-02T08:21:26-07:00,3,6
resume/index.html,19,html,4f160926,amz0004,2025-10-02,08:21:26,-07:00,2025-10-02T08:21:26-07:00,4,41
resume/index.html,20,html,4f160926,amz0004,2025-10-02,08:21:26,-07:00,2025-10-02T08:21:26-07:00,4,69
resume/index.html,21,html,9851b038,amz0004,2025-10-08,16:05:08,-07:00,2025-10-08T16:05:08-07:00,4,35
resume/index.html,22,html,4f160926,amz0004,2025-10-02,08:21:26,-07:00,2025-10-02T08:21:26-07:00,3,7
resume/index.html,23,html,4f160926,amz0004,2025-10-02,08:21:26,-07:00,2025-10-02T08:21:26-07:00,3,2
resume/index.html,24,html,4f160926,amz0004,2025-10-02,08:21:26,-07:00,2025-10-02T08:21:26-07:00,4,27
resume/index.html,25,html,4f160926,amz0004,2025-10-02,08:21:26,-07:00,2025-10-02T08:21:26-07:00,4,192
resume/index.html,26,html,4f160926,amz0004,2025-10-02,08:21:26,-07:00,2025-10-02T08:21:26-07:00,3,3
resume/index.html,27,html,4f160926,amz0004,2025-10-02,08:21:26,-07:00,2025-10-02T08:21:26-07:00,2,8
resume/index.html,28,html,4f160926,amz0004,2025-10-02,08:21:26,-07:00,2025-10-02T08:21:26-07:00,1,8
resume/index.html,29,html,4f160926,amz0004,2025-10-02,08:21:26,-07:00,2025-10-02T08:21:26-07:00,0,0
resume/index.html,30,html,4f160926,amz0004,2025-10-02,08:21:26,-07:00,2025-10-02T08:21:26-07:00,1,7
resume/index.html,31,html,4f160926,amz0004,2025-10-02,08:21:26,-07:00,2025-10-02T08:21:26-07:00,2,22
resume/index.html,32,html,4f160926,amz0004,2025-10-02,08:21:26,-07:00,2025-10-02T08:21:26-07:00,2,7
resume/index.html,33,html,4f160926,amz0004,2025-10-02,08:21:26,-07:00,2025-10-02T08:21:26-07:00,3,6
resume/index.html,34,html,4f160926,amz0004,2025-10-02,08:21:26,-07:00,2025-10-02T08:21:26-07:00,4,37
resume/index.html,35,html,4f160926,amz0004,2025-10-02,08:21:26,-07:00,2025-10-02T08:21:26-07:00,4,105
resume/index.html,36,html,4f160926,amz0004,2025-10-02,08:21:26,-07:00,2025-10-02T08:21:26-07:00,3,7
resume/index.html,37,html,4f160926,amz0004,2025-10-02,08:21:26,-07:00,2025-10-02T08:21:26-07:00,3,2
resume/index.html,38,html,4f160926,amz0004,2025-10-02,08:21:26,-07:00,2025-10-02T08:21:26-07:00,4,81
resume/index.html,39,html,4f160926,amz0004,2025-10-02,08:21:26,-07:00,2025-10-02T08:21:26-07:00,4,132
resume/index.html,40,html,4f160926,amz0004,2025-10-02,08:21:26,-07:00,2025-10-02T08:21:26-07:00,4,110
resume/index.html,41,html,4f160926,amz0004,2025-10-02,08:21:26,-07:00,2025-10-02T08:21:26-07:00,3,3
resume/index.html,42,html,4f160926,amz0004,2025-10-02,08:21:26,-07:00,2025-10-02T08:21:26-07:00,2,8
resume/index.html,43,html,4f160926,amz0004,2025-10-02,08:21:26,-07:00,2025-10-02T08:21:26-07:00,0,0
resume/index.html,44,html,4f160926,amz0004,2025-10-02,08:21:26,-07:00,2025-10-02T08:21:26-07:00,2,7
resume/index.html,45,html,4f160926,amz0004,2025-10-02,08:21:26,-07:00,2025-10-02T08:21:26-07:00,3,6
resume/index.html,46,html,4f160926,amz0004,2025-10-02,08:21:26,-07:00,2025-10-02T08:21:26-07:00,4,68
resume/index.html,47,html,4f160926,amz0004,2025-10-02,08:21:26,-07:00,2025-10-02T08:21:26-07:00,4,70
resume/index.html,48,html,4f160926,amz0004,2025-10-02,08:21:26,-07:00,2025-10-02T08:21:26-07:00,3,7
resume/index.html,49,html,4f160926,amz0004,2025-10-02,08:21:26,-07:00,2025-10-02T08:21:26-07:00,3,2
resume/index.html,50,html,4f160926,amz0004,2025-10-02,08:21:26,-07:00,2025-10-02T08:21:26-07:00,4,195
resume/index.html,51,html,4f160926,amz0004,2025-10-02,08:21:26,-07:00,2025-10-02T08:21:26-07:00,4,129
resume/index.html,52,html,4f160926,amz0004,2025-10-02,08:21:26,-07:00,2025-10-02T08:21:26-07:00,3,3
resume/index.html,53,html,4f160926,amz0004,2025-10-02,08:21:26,-07:00,2025-10-02T08:21:26-07:00,2,8
resume/index.html,54,html,4f160926,amz0004,2025-10-02,08:21:26,-07:00,2025-10-02T08:21:26-07:00,0,0
resume/index.html,55,html,4f160926,amz0004,2025-10-02,08:21:26,-07:00,2025-10-02T08:21:26-07:00,2,7
resume/index.html,56,html,4f160926,amz0004,2025-10-02,08:21:26,-07:00,2025-10-02T08:21:26-07:00,3,6
resume/index.html,57,html,4f160926,amz0004,2025-10-02,08:21:26,-07:00,2025-10-02T08:21:26-07:00,4,57
resume/index.html,58,html,4f160926,amz0004,2025-10-02,08:21:26,-07:00,2025-10-02T08:21:26-07:00,4,70
resume/index.html,59,html,4f160926,amz0004,2025-10-02,08:21:26,-07:00,2025-10-02T08:21:26-07:00,3,7
resume/index.html,60,html,4f160926,amz0004,2025-10-02,08:21:26,-07:00,2025-10-02T08:21:26-07:00,3,2
resume/index.html,61,html,4f160926,amz0004,2025-10-02,08:21:26,-07:00,2025-10-02T08:21:26-07:00,4,83
resume/index.html,62,html,4f160926,amz0004,2025-10-02,08:21:26,-07:00,2025-10-02T08:21:26-07:00,4,104
resume/index.html,63,html,4f160926,amz0004,2025-10-02,08:21:26,-07:00,2025-10-02T08:21:26-07:00,0,73
resume/index.html,64,html,4f160926,amz0004,2025-10-02,08:21:26,-07:00,2025-10-02T08:21:26-07:00,4,113
resume/index.html,65,html,4f160926,amz0004,2025-10-02,08:21:26,-07:00,2025-10-02T08:21:26-07:00,3,3
resume/index.html,66,html,4f160926,amz0004,2025-10-02,08:21:26,-07:00,2025-10-02T08:21:26-07:00,2,8
resume/index.html,67,html,4f160926,amz0004,2025-10-02,08:21:26,-07:00,2025-10-02T08:21:26-07:00,0,0
resume/index.html,68,html,4f160926,amz0004,2025-10-02,08:21:26,-07:00,2025-10-02T08:21:26-07:00,2,7
resume/index.html,69,html,4f160926,amz0004,2025-10-02,08:21:26,-07:00,2025-10-02T08:21:26-07:00,3,6
resume/index.html,70,html,4f160926,amz0004,2025-10-02,08:21:26,-07:00,2025-10-02T08:21:26-07:00,4,50
resume/index.html,71,html,4f160926,amz0004,2025-10-02,08:21:26,-07:00,2025-10-02T08:21:26-07:00,4,104
resume/index.html,72,html,4f160926,amz0004,2025-10-02,08:21:26,-07:00,2025-10-02T08:21:26-07:00,3,7
resume/index.html,73,html,4f160926,amz0004,2025-10-02,08:21:26,-07:00,2025-10-02T08:21:26-07:00,3,2
resume/index.html,74,html,4f160926,amz0004,2025-10-02,08:21:26,-07:00,2025-10-02T08:21:26-07:00,4,104
resume/index.html,75,html,4f160926,amz0004,2025-10-02,08:21:26,-07:00,2025-10-02T08:21:26-07:00,0,91
resume/index.html,76,html,4f160926,amz0004,2025-10-02,08:21:26,-07:00,2025-10-02T08:21:26-07:00,4,101
resume/index.html,77,html,4f160926,amz0004,2025-10-02,08:21:26,-07:00,2025-10-02T08:21:26-07:00,0,71
resume/index.html,78,html,4f160926,amz0004,2025-10-02,08:21:26,-07:00,2025-10-02T08:21:26-07:00,4,109
resume/index.html,79,html,4f160926,amz0004,2025-10-02,08:21:26,-07:00,2025-10-02T08:21:26-07:00,3,3
resume/index.html,80,html,4f160926,amz0004,2025-10-02,08:21:26,-07:00,2025-10-02T08:21:26-07:00,2,8
resume/index.html,81,html,4f160926,amz0004,2025-10-02,08:21:26,-07:00,2025-10-02T08:21:26-07:00,0,0
resume/index.html,82,html,4f160926,amz0004,2025-10-02,08:21:26,-07:00,2025-10-02T08:21:26-07:00,2,7
resume/index.html,83,html,4f160926,amz0004,2025-10-02,08:21:26,-07:00,2025-10-02T08:21:26-07:00,4,6
resume/index.html,84,html,9851b038,amz0004,2025-10-08,16:05:08,-07:00,2025-10-08T16:05:08-07:00,6,83
resume/index.html,85,html,4f160926,amz0004,2025-10-02,08:21:26,-07:00,2025-10-02T08:21:26-07:00,6,105
resume/index.html,86,html,4f160926,amz0004,2025-10-02,08:21:26,-07:00,2025-10-02T08:21:26-07:00,4,7
resume/index.html,87,html,4f160926,amz0004,2025-10-02,08:21:26,-07:00,2025-10-02T08:21:26-07:00,4,2
resume/index.html,88,html,4f160926,amz0004,2025-10-02,08:21:26,-07:00,2025-10-02T08:21:26-07:00,6,106
resume/index.html,89,html,4f160926,amz0004,2025-10-02,08:21:26,-07:00,2025-10-02T08:21:26-07:00,0,39
resume/index.html,90,html,4f160926,amz0004,2025-10-02,08:21:26,-07:00,2025-10-02T08:21:26-07:00,6,101
resume/index.html,91,html,4f160926,amz0004,2025-10-02,08:21:26,-07:00,2025-10-02T08:21:26-07:00,6,107
resume/index.html,92,html,4f160926,amz0004,2025-10-02,08:21:26,-07:00,2025-10-02T08:21:26-07:00,0,75
resume/index.html,93,html,4f160926,amz0004,2025-10-02,08:21:26,-07:00,2025-10-02T08:21:26-07:00,4,3
resume/index.html,94,html,4f160926,amz0004,2025-10-02,08:21:26,-07:00,2025-10-02T08:21:26-07:00,2,8
resume/index.html,95,html,4f160926,amz0004,2025-10-02,08:21:26,-07:00,2025-10-02T08:21:26-07:00,0,0
resume/index.html,96,html,4f160926,amz0004,2025-10-02,08:21:26,-07:00,2025-10-02T08:21:26-07:00,2,7
resume/index.html,97,html,4f160926,amz0004,2025-10-02,08:21:26,-07:00,2025-10-02T08:21:26-07:00,4,6
resume/index.html,98,html,9851b038,amz0004,2025-10-08,16:05:08,-07:00,2025-10-08T16:05:08-07:00,6,60
resume/index.html,99,html,4f160926,amz0004,2025-10-02,08:21:26,-07:00,2025-10-02T08:21:26-07:00,6,107
resume/index.html,100,html,4f160926,amz0004,2025-10-02,08:21:26,-07:00,2025-10-02T08:21:26-07:00,4,7
resume/index.html,101,html,4f160926,amz0004,2025-10-02,08:21:26,-07:00,2025-10-02T08:21:26-07:00,4,2
resume/index.html,102,html,4f160926,amz0004,2025-10-02,08:21:26,-07:00,2025-10-02T08:21:26-07:00,6,98
resume/index.html,103,html,4f160926,amz0004,2025-10-02,08:21:26,-07:00,2025-10-02T08:21:26-07:00,0,34
resume/index.html,104,html,4f160926,amz0004,2025-10-02,08:21:26,-07:00,2025-10-02T08:21:26-07:00,6,107
resume/index.html,105,html,4f160926,amz0004,2025-10-02,08:21:26,-07:00,2025-10-02T08:21:26-07:00,0,78
resume/index.html,106,html,4f160926,amz0004,2025-10-02,08:21:26,-07:00,2025-10-02T08:21:26-07:00,6,76
resume/index.html,107,html,4f160926,amz0004,2025-10-02,08:21:26,-07:00,2025-10-02T08:21:26-07:00,4,3
resume/index.html,108,html,4f160926,amz0004,2025-10-02,08:21:26,-07:00,2025-10-02T08:21:26-07:00,2,8
resume/index.html,109,html,4f160926,amz0004,2025-10-02,08:21:26,-07:00,2025-10-02T08:21:26-07:00,1,8
resume/index.html,110,html,4f160926,amz0004,2025-10-02,08:21:26,-07:00,2025-10-02T08:21:26-07:00,0,0
resume/index.html,111,html,4f160926,amz0004,2025-10-02,08:21:26,-07:00,2025-10-02T08:21:26-07:00,1,7
resume/index.html,112,html,4f160926,amz0004,2025-10-02,08:21:26,-07:00,2025-10-02T08:21:26-07:00,2,13
resume/index.html,113,html,4f160926,amz0004,2025-10-02,08:21:26,-07:00,2025-10-02T08:21:26-07:00,2,2
resume/index.html,114,html,4f160926,amz0004,2025-10-02,08:21:26,-07:00,2025-10-02T08:21:26-07:00,3,82
resume/index.html,115,html,4f160926,amz0004,2025-10-02,08:21:26,-07:00,2025-10-02T08:21:26-07:00,3,49
resume/index.html,116,html,4f160926,amz0004,2025-10-02,08:21:26,-07:00,2025-10-02T08:21:26-07:00,2,3
resume/index.html,117,html,4f160926,amz0004,2025-10-02,08:21:26,-07:00,2025-10-02T08:21:26-07:00,1,8
resume/index.html,118,html,4f160926,amz0004,2025-10-02,08:21:26,-07:00,2025-10-02T08:21:26-07:00,0,0
resume/index.html,119,html,738357a0,amz0004,2025-10-16,16:01:22,-07:00,2025-10-16T16:01:22-07:00,1,48
resume/index.html,120,html,4f160926,amz0004,2025-10-02,08:21:26,-07:00,2025-10-02T08:21:26-07:00,0,5
resume/index.html,121,html,4f160926,amz0004,2025-10-02,08:21:26,-07:00,2025-10-02T08:21:26-07:00,0,5
projects/projects.js,1,js,daae1541,amz0004,2025-10-24,14:21:32,-07:00,2025-10-24T14:21:32-07:00,0,55
projects/projects.js,2,js,87a55f25,amz0004,2025-11-01,17:14:29,-07:00,2025-11-01T17:14:29-07:00,0,63
projects/projects.js,3,js,daae1541,amz0004,2025-10-24,14:21:32,-07:00,2025-10-24T14:21:32-07:00,0,0
projects/projects.js,4,js,daae1541,amz0004,2025-10-24,14:21:32,-07:00,2025-10-24T14:21:32-07:00,0,55
projects/projects.js,5,js,daae1541,amz0004,2025-10-24,14:21:32,-07:00,2025-10-24T14:21:32-07:00,0,60
projects/projects.js,6,js,daae1541,amz0004,2025-10-24,14:21:32,-07:00,2025-10-24T14:21:32-07:00,0,61
projects/projects.js,7,js,87a55f25,amz0004,2025-11-01,17:14:29,-07:00,2025-11-01T17:14:29-07:00,0,55
projects/projects.js,8,js,87a55f25,amz0004,2025-11-01,17:14:29,-07:00,2025-11-01T17:14:29-07:00,0,0
projects/projects.js,9,js,87a55f25,amz0004,2025-11-01,17:14:29,-07:00,2025-11-01T17:14:29-07:00,0,32
projects/projects.js,10,js,87a55f25,amz0004,2025-11-01,17:14:29,-07:00,2025-11-01T17:14:29-07:00,1,44
projects/projects.js,11,js,87a55f25,amz0004,2025-11-01,17:14:29,-07:00,2025-11-01T17:14:29-07:00,1,51
projects/projects.js,12,js,87a55f25,amz0004,2025-11-01,17:14:29,-07:00,2025-11-01T17:14:29-07:00,0,0
projects/projects.js,13,js,87a55f25,amz0004,2025-11-01,17:14:29,-07:00,2025-11-01T17:14:29-07:00,0,21
projects/projects.js,14,js,87a55f25,amz0004,2025-11-01,17:14:29,-07:00,2025-11-01T17:14:29-07:00,0,0
projects/projects.js,15,js,87a55f25,amz0004,2025-11-01,17:14:29,-07:00,2025-11-01T17:14:29-07:00,0,38
projects/projects.js,16,js,87a55f25,amz0004,2025-11-01,17:14:29,-07:00,2025-11-01T17:14:29-07:00,1,26
projects/projects.js,17,js,87a55f25,amz0004,2025-11-01,17:14:29,-07:00,2025-11-01T17:14:29-07:00,2,12
projects/projects.js,18,js,87a55f25,amz0004,2025-11-01,17:14:29,-07:00,2025-11-01T17:14:29-07:00,2,12
projects/projects.js,19,js,87a55f25,amz0004,2025-11-01,17:14:29,-07:00,2025-11-01T17:14:29-07:00,2,9
projects/projects.js,20,js,87a55f25,amz0004,2025-11-01,17:14:29,-07:00,2025-11-01T17:14:29-07:00,1,0
projects/projects.js,21,js,87a55f25,amz0004,2025-11-01,17:14:29,-07:00,2025-11-01T17:14:29-07:00,0,0
projects/projects.js,22,js,87a55f25,amz0004,2025-11-01,17:14:29,-07:00,2025-11-01T17:14:29-07:00,1,76
projects/projects.js,23,js,87a55f25,amz0004,2025-11-01,17:14:29,-07:00,2025-11-01T17:14:29-07:00,1,57
projects/projects.js,24,js,87a55f25,amz0004,2025-11-01,17:14:29,-07:00,2025-11-01T17:14:29-07:00,1,48
projects/projects.js,25,js,87a55f25,amz0004,2025-11-01,17:14:29,-07:00,2025-11-01T17:14:29-07:00,1,33
projects/projects.js,26,js,87a55f25,amz0004,2025-11-01,17:14:29,-07:00,2025-11-01T17:14:29-07:00,1,47
projects/projects.js,27,js,87a55f25,amz0004,2025-11-01,17:14:29,-07:00,2025-11-01T17:14:29-07:00,1,40
projects/projects.js,28,js,87a55f25,amz0004,2025-11-01,17:14:29,-07:00,2025-11-01T17:14:29-07:00,1,29
projects/projects.js,29,js,87a55f25,amz0004,2025-11-01,17:14:29,-07:00,2025-11-01T17:14:29-07:00,1,19
projects/projects.js,30,js,87a55f25,amz0004,2025-11-01,17:14:29,-07:00,2025-11-01T17:14:29-07:00,1,12
projects/projects.js,31,js,87a55f25,amz0004,2025-11-01,17:14:29,-07:00,2025-11-01T17:14:29-07:00,1,11
projects/projects.js,32,js,87a55f25,amz0004,2025-11-01,17:14:29,-07:00,2025-11-01T17:14:29-07:00,1,22
projects/projects.js,33,js,87a55f25,amz0004,2025-11-01,17:14:29,-07:00,2025-11-01T17:14:29-07:00,1,32
projects/projects.js,34,js,87a55f25,amz0004,2025-11-01,17:14:29,-07:00,2025-11-01T17:14:29-07:00,1,25
projects/projects.js,35,js,87a55f25,amz0004,2025-11-01,17:14:29,-07:00,2025-11-01T17:14:29-07:00,1,25
projects/projects.js,36,js,87a55f25,amz0004,2025-11-01,17:14:29,-07:00,2025-11-01T17:14:29-07:00,1,20
projects/projects.js,37,js,87a55f25,amz0004,2025-11-01,17:14:29,-07:00,2025-11-01T17:14:29-07:00,2,33
projects/projects.js,38,js,87a55f25,amz0004,2025-11-01,17:14:29,-07:00,2025-11-01T17:14:29-07:00,3,43
projects/projects.js,39,js,87a55f25,amz0004,2025-11-01,17:14:29,-07:00,2025-11-01T17:14:29-07:00,3,19
projects/projects.js,40,js,87a55f25,amz0004,2025-11-01,17:14:29,-07:00,2025-11-01T17:14:29-07:00,4,24
projects/projects.js,41,js,87a55f25,amz0004,2025-11-01,17:14:29,-07:00,2025-11-01T17:14:29-07:00,5,56
projects/projects.js,42,js,87a55f25,amz0004,2025-11-01,17:14:29,-07:00,2025-11-01T17:14:29-07:00,4,0
projects/projects.js,43,js,87a55f25,amz0004,2025-11-01,17:14:29,-07:00,2025-11-01T17:14:29-07:00,3,32
projects/projects.js,44,js,87a55f25,amz0004,2025-11-01,17:14:29,-07:00,2025-11-01T17:14:29-07:00,3,20
projects/projects.js,45,js,87a55f25,amz0004,2025-11-01,17:14:29,-07:00,2025-11-01T17:14:29-07:00,4,24
projects/projects.js,46,js,87a55f25,amz0004,2025-11-01,17:14:29,-07:00,2025-11-01T17:14:29-07:00,5,60
projects/projects.js,47,js,87a55f25,amz0004,2025-11-01,17:14:29,-07:00,2025-11-01T17:14:29-07:00,4,0
projects/projects.js,48,js,87a55f25,amz0004,2025-11-01,17:14:29,-07:00,2025-11-01T17:14:29-07:00,3,25
projects/projects.js,49,js,87a55f25,amz0004,2025-11-01,17:14:29,-07:00,2025-11-01T17:14:29-07:00,4,26
projects/projects.js,50,js,87a55f25,amz0004,2025-11-01,17:14:29,-07:00,2025-11-01T17:14:29-07:00,3,6
projects/projects.js,51,js,87a55f25,amz0004,2025-11-01,17:14:29,-07:00,2025-11-01T17:14:29-07:00,4,37
projects/projects.js,52,js,87a55f25,amz0004,2025-11-01,17:14:29,-07:00,2025-11-01T17:14:29-07:00,4,61
projects/projects.js,53,js,87a55f25,amz0004,2025-11-01,17:14:29,-07:00,2025-11-01T17:14:29-07:00,4,34
projects/projects.js,54,js,87a55f25,amz0004,2025-11-01,17:14:29,-07:00,2025-11-01T17:14:29-07:00,3,0
projects/projects.js,55,js,87a55f25,amz0004,2025-11-01,17:14:29,-07:00,2025-11-01T17:14:29-07:00,2,1
projects/projects.js,56,js,87a55f25,amz0004,2025-11-01,17:14:29,-07:00,2025-11-01T17:14:29-07:00,1,1
projects/projects.js,57,js,87a55f25,amz0004,2025-11-01,17:14:29,-07:00,2025-11-01T17:14:29-07:00,1,32
projects/projects.js,58,js,87a55f25,amz0004,2025-11-01,17:14:29,-07:00,2025-11-01T17:14:29-07:00,1,30
projects/projects.js,59,js,87a55f25,amz0004,2025-11-01,17:14:29,-07:00,2025-11-01T17:14:29-07:00,1,24
projects/projects.js,60,js,87a55f25,amz0004,2025-11-01,17:14:29,-07:00,2025-11-01T17:14:29-07:00,2,17
projects/projects.js,61,js,87a55f25,amz0004,2025-11-01,17:14:29,-07:00,2025-11-01T17:14:29-07:00,3,27
projects/projects.js,62,js,87a55f25,amz0004,2025-11-01,17:14:29,-07:00,2025-11-01T17:14:29-07:00,3,38
projects/projects.js,63,js,87a55f25,amz0004,2025-11-01,17:14:29,-07:00,2025-11-01T17:14:29-07:00,3,69
projects/projects.js,64,js,87a55f25,amz0004,2025-11-01,17:14:29,-07:00,2025-11-01T17:14:29-07:00,1,1
projects/projects.js,65,js,87a55f25,amz0004,2025-11-01,17:14:29,-07:00,2025-11-01T17:14:29-07:00,0,0
projects/projects.js,66,js,87a55f25,amz0004,2025-11-01,17:14:29,-07:00,2025-11-01T17:14:29-07:00,0,26
projects/projects.js,67,js,87a55f25,amz0004,2025-11-01,17:14:29,-07:00,2025-11-01T17:14:29-07:00,0,23
projects/projects.js,68,js,87a55f25,amz0004,2025-11-01,17:14:29,-07:00,2025-11-01T17:14:29-07:00,0,0
projects/projects.js,69,js,87a55f25,amz0004,2025-11-01,17:14:29,-07:00,2025-11-01T17:14:29-07:00,0,48
projects/projects.js,70,js,87a55f25,amz0004,2025-11-01,17:14:29,-07:00,2025-11-01T17:14:29-07:00,1,45
projects/projects.js,71,js,87a55f25,amz0004,2025-11-01,17:14:29,-07:00,2025-11-01T17:14:29-07:00,1,43
projects/projects.js,72,js,87a55f25,amz0004,2025-11-01,17:14:29,-07:00,2025-11-01T17:14:29-07:00,2,35
projects/projects.js,73,js,87a55f25,amz0004,2025-11-01,17:14:29,-07:00,2025-11-01T17:14:29-07:00,1,0
projects/projects.js,74,js,87a55f25,amz0004,2025-11-01,17:14:29,-07:00,2025-11-01T17:14:29-07:00,0,0
projects/projects.js,75,js,87a55f25,amz0004,2025-11-01,17:14:29,-07:00,2025-11-01T17:14:29-07:00,1,34
projects/projects.js,76,js,87a55f25,amz0004,2025-11-01,17:14:29,-07:00,2025-11-01T17:14:29-07:00,1,31
projects/projects.js,77,js,87a55f25,amz0004,2025-11-01,17:14:29,-07:00,2025-11-01T17:14:29-07:00,0,1
projects/index.html,1,html,daae1541,amz0004,2025-10-24,14:21:32,-07:00,2025-10-24T14:21:32-07:00,0,0
projects/index.html,2,html,4f160926,amz0004,2025-10-02,08:21:26,-07:00,2025-10-02T08:21:26-07:00,0,13
projects/index.html,3,html,4f160926,amz0004,2025-10-02,08:21:26,-07:00,2025-10-02T08:21:26-07:00,0,14
projects/index.html,4,html,4f160926,amz0004,2025-10-02,08:21:26,-07:00,2025-10-02T08:21:26-07:00,0,4
projects/index.html,5,html,4f160926,amz0004,2025-10-02,08:21:26,-07:00,2025-10-02T08:21:26-07:00,2,20
projects/index.html,6,html,4f160926,amz0004,2025-10-02,08:21:26,-07:00,2025-10-02T08:21:26-07:00,2,68
projects/index.html,7,html,48b08287,amz0004,2025-10-02,08:37:51,-07:00,2025-10-02T08:37:51-07:00,2,41
projects/index.html,8,html,48b08287,amz0004,2025-10-02,08:37:51,-07:00,2025-10-02T08:37:51-07:00,2,21
projects/index.html,9,html,48b08287,amz0004,2025-10-02,08:37:51,-07:00,2025-10-02T08:37:51-07:00,0,5
projects/index.html,10,html,48b08287,amz0004,2025-10-02,08:37:51,-07:00,2025-10-02T08:37:51-07:00,0,4
projects/index.html,11,html,daae1541,amz0004,2025-10-24,14:21:32,-07:00,2025-10-24T14:21:32-07:00,2,38
projects/index.html,12,html,87a55f25,amz0004,2025-11-01,17:14:29,-07:00,2025-11-01T17:14:29-07:00,0,0
projects/index.html,13,html,87a55f25,amz0004,2025-11-01,17:14:29,-07:00,2025-11-01T17:14:29-07:00,2,21
projects/index.html,14,html,87a55f25,amz0004,2025-11-01,17:14:29,-07:00,2025-11-01T17:14:29-07:00,4,58
projects/index.html,15,html,87a55f25,amz0004,2025-11-01,17:14:29,-07:00,2025-11-01T17:14:29-07:00,4,22
projects/index.html,16,html,9851b038,amz0004,2025-10-08,16:05:08,-07:00,2025-10-08T16:05:08-07:00,2,4
projects/index.html,17,html,87a55f25,amz0004,2025-11-01,17:14:29,-07:00,2025-11-01T17:14:29-07:00,2,4
projects/index.html,18,html,87a55f25,amz0004,2025-11-01,17:14:29,-07:00,2025-11-01T17:14:29-07:00,4,15
projects/index.html,19,html,87a55f25,amz0004,2025-11-01,17:14:29,-07:00,2025-11-01T17:14:29-07:00,4,11
projects/index.html,20,html,87a55f25,amz0004,2025-11-01,17:14:29,-07:00,2025-11-01T17:14:29-07:00,4,26
projects/index.html,21,html,87a55f25,amz0004,2025-11-01,17:14:29,-07:00,2025-11-01T17:14:29-07:00,4,31
projects/index.html,22,html,87a55f25,amz0004,2025-11-01,17:14:29,-07:00,2025-11-01T17:14:29-07:00,2,0
projects/index.html,23,html,00000000,Not Committed Yet,2025-11-07,16:44:30,-08:00,2025-11-07T16:44:30-08:00,2,0
projects/index.html,24,html,87a55f25,amz0004,2025-11-01,17:14:29,-07:00,2025-11-01T17:14:29-07:00,2,26
projects/index.html,25,html,87a55f25,amz0004,2025-11-01,17:14:29,-07:00,2025-11-01T17:14:29-07:00,0,0
projects/index.html,26,html,daae1541,amz0004,2025-10-24,14:21:32,-07:00,2025-10-24T14:21:32-07:00,2,48
projects/index.html,27,html,daae1541,amz0004,2025-10-24,14:21:32,-07:00,2025-10-24T14:21:32-07:00,2,47
projects/index.html,28,html,4f160926,amz0004,2025-10-02,08:21:26,-07:00,2025-10-02T08:21:26-07:00,0,5
projects/index.html,29,html,87a55f25,amz0004,2025-11-01,17:14:29,-07:00,2025-11-01T17:14:29-07:00,0,5
projects/index.html,30,html,87a55f25,amz0004,2025-11-01,17:14:29,-07:00,2025-11-01T17:14:29-07:00,0,0
contact/index.html,1,html,4f160926,amz0004,2025-10-02,08:21:26,-07:00,2025-10-02T08:21:26-07:00,0,13
contact/index.html,2,html,4f160926,amz0004,2025-10-02,08:21:26,-07:00,2025-10-02T08:21:26-07:00,0,14
contact/index.html,3,html,4f160926,amz0004,2025-10-02,08:21:26,-07:00,2025-10-02T08:21:26-07:00,0,4
contact/index.html,4,html,4f160926,amz0004,2025-10-02,08:21:26,-07:00,2025-10-02T08:21:26-07:00,2,20
contact/index.html,5,html,4f160926,amz0004,2025-10-02,08:21:26,-07:00,2025-10-02T08:21:26-07:00,2,68
contact/index.html,6,html,48b08287,amz0004,2025-10-02,08:37:51,-07:00,2025-10-02T08:37:51-07:00,2,41
contact/index.html,7,html,48b08287,amz0004,2025-10-02,08:37:51,-07:00,2025-10-02T08:37:51-07:00,2,20
contact/index.html,8,html,48b08287,amz0004,2025-10-02,08:37:51,-07:00,2025-10-02T08:37:51-07:00,0,5
contact/index.html,9,html,48b08287,amz0004,2025-10-02,08:37:51,-07:00,2025-10-02T08:37:51-07:00,0,4
contact/index.html,10,html,4f160926,amz0004,2025-10-02,08:21:26,-07:00,2025-10-02T08:21:26-07:00,2,14
contact/index.html,11,html,9851b038,amz0004,2025-10-08,16:05:08,-07:00,2025-10-08T16:05:08-07:00,2,0
contact/index.html,12,html,4f160926,amz0004,2025-10-02,08:21:26,-07:00,2025-10-02T08:21:26-07:00,2,73
contact/index.html,13,html,4f160926,amz0004,2025-10-02,08:21:26,-07:00,2025-10-02T08:21:26-07:00,4,17
contact/index.html,14,html,4f160926,amz0004,2025-10-02,08:21:26,-07:00,2025-10-02T08:21:26-07:00,6,40
contact/index.html,15,html,4f160926,amz0004,2025-10-02,08:21:26,-07:00,2025-10-02T08:21:26-07:00,4,6
contact/index.html,16,html,4f160926,amz0004,2025-10-02,08:21:26,-07:00,2025-10-02T08:21:26-07:00,0,0
contact/index.html,17,html,4f160926,amz0004,2025-10-02,08:21:26,-07:00,2025-10-02T08:21:26-07:00,4,14
contact/index.html,18,html,4f160926,amz0004,2025-10-02,08:21:26,-07:00,2025-10-02T08:21:26-07:00,6,20
contact/index.html,19,html,4f160926,amz0004,2025-10-02,08:21:26,-07:00,2025-10-02T08:21:26-07:00,4,6
contact/index.html,20,html,4f160926,amz0004,2025-10-02,08:21:26,-07:00,2025-10-02T08:21:26-07:00,0,0
contact/index.html,21,html,4f160926,amz0004,2025-10-02,08:21:26,-07:00,2025-10-02T08:21:26-07:00,4,14
contact/index.html,22,html,4f160926,amz0004,2025-10-02,08:21:26,-07:00,2025-10-02T08:21:26-07:00,6,31
contact/index.html,23,html,4f160926,amz0004,2025-10-02,08:21:26,-07:00,2025-10-02T08:21:26-07:00,4,6
contact/index.html,24,html,9851b038,amz0004,2025-10-08,16:05:08,-07:00,2025-10-08T16:05:08-07:00,4,19
contact/index.html,25,html,4f160926,amz0004,2025-10-02,08:21:26,-07:00,2025-10-02T08:21:26-07:00,2,5
contact/index.html,26,html,738357a0,amz0004,2025-10-16,16:01:22,-07:00,2025-10-16T16:01:22-07:00,0,0
contact/index.html,27,html,738357a0,amz0004,2025-10-16,16:01:22,-07:00,2025-10-16T16:01:22-07:00,2,48
contact/index.html,28,html,4f160926,amz0004,2025-10-02,08:21:26,-07:00,2025-10-02T08:21:26-07:00,0,5
contact/index.html,29,html,4f160926,amz0004,2025-10-02,08:21:26,-07:00,2025-10-02T08:21:26-07:00,0,5
